# pointer	media path (relative to $DRUCKER_ROOT/media) — 80 Drucker recordings
# generated 2026-09-20 from catalog/voice_clarity.csv
3552	1980/3552__peter-drucker-lectures-1980-04-22-cassette-1-side-2.mp4
3553	1980/3553__peter-drucker-lectures-1980-04-23-cassette-4-side-1.mp4
3554	1980/3554__peter-drucker-lectures-1980-04-23-cassette-5-side-1.mp4
3555	1980/3555__peter-drucker-lectures-1980-04-22-cassette-1-side-1.mp4
3556	1980/3556__peter-drucker-lectures-1980-04-23-cassette-5-side-2.mp4
3557	1980/3557__peter-drucker-lectures-1980-04-22-cassette-3-side-1.mp4
3558	1980/3558__peter-drucker-lectures-1980-04-23-cassette-4-side-2.mp4
3559	1980/3559__peter-drucker-lectures-1980-04-22-cassette-2-side-2.mp4
3560	1980/3560__peter-drucker-lectures-1980-04-23-cassette-3-side-2.mp4
3561	1980/3561__peter-drucker-lectures-1980-04-22-cassette-2-side-1.mp4
4792	1980/4792__peter-drucker-lecture-1980-04-22.mp4
4793	1981/4793__peter-drucker-symposium---managing-the-increasing-complexity.mp4
4794	1981/4794__peter-drucker-symposium---managing-the-increasing-complexity.mp4
4795	1981/4795__peter-drucker-symposium---reel-ii-part-1-of-2-1981-04-22.mp4
4796	1981/4796__peter-drucker-symposium---reel-ii-part-2-of-2-1981-04-22.mp4
4849	1986/4849__peter-drucker-lecture-1986-part-1.mp4
4850	1986/4850__peter-drucker-lecture-1986-part-2.mp4
4899	1966/4899__peter-drucker---interviewed-by-w-b-wolf-side-1-of-2-1966-mar.mp4
4900	1966/4900__peter-drucker---interviewed-by-w-b-wolf-side-2-of-2-1966-mar.mp4
4938	1977/4938__drucker-on-managing-effectively-how-to-manage-your-bossmanag.mp4
4939	1987/4939__drucker-symposium-day-1---am-session---tape-1-side-a-1987-04.mp4
4940	1987/4940__drucker-symposium-day-1---am-session---tape-1-side-b-1987-04.mp4
4941	1987/4941__drucker-symposium-day-1-am-session-2---tape-2-side-a-1987-04.mp4
4942	1987/4942__drucker-symposium-day-1-am-session-2---tape-2-side-b-1987-04.mp4
4943	1987/4943__drucker-symposium-day-1-luncheon---tape-3-side-a-1987-04-29.mp4
4944	1987/4944__drucker-symposium-day-1-luncheon---tape-3-side-b-1987-04-29.mp4
4945	1987/4945__drucker-symposium-day-2-the-changing-market--myth-realities.mp4
4946	1987/4946__drucker-symposium-day-2-the-changing-market--myth-realities.mp4
4997	1979/4997__peter-drucker-symposium-iii-41879---with-worth-loomis-and-wi.mp4
4999	1978/4999__1978-course-lectures-tape-1---side-b-1978-01-31.mp4
5000	1978/5000__1978-course-lectures-tape-2---side-a-1978-02-07.mp4
5001	1978/5001__1978-course-lectures-tape-2---side-b-1978-02-07.mp4
5002	1978/5002__1978-course-lectures-tape-3---side-a-1978-02-07.mp4
5003	1978/5003__1978-course-lectures-tape-3---side-b-1978-02-14.mp4
5004	1978/5004__1978-course-lectures-tape-4---side-a-1978-02-14.mp4
5005	1978/5005__1978-course-lectures-tape-5---side-a-1978-02-21.mp4
5006	1978/5006__1978-course-lectures-tape-5---side-b-1978-02-21.mp4
5007	1978/5007__1978-course-lectures-tape-6---side-a-1978-02-21.mp4
5008	1974/5008__lecture-by-peter-drucker-1974-01-15-cassette-1-side-2.mp4
5009	1974/5009__lecture-by-peter-drucker-1974-01-15-cassette-1-side-1.mp4
5010	1974/5010__lecture-by-peter-drucker-1974-01-15-cassette-2-side-3.mp4
5011	1974/5011__lecture-by-peter-drucker-1974-01-15-cassette-2-side-4.mp4
5012	1974/5012__lecture-by-peter-drucker---business-policy-1974-10-cassette.mp4
5013	1974/5013__lecture-by-peter-drucker---business-policy-1974-10-cassette.mp4
5014	1974/5014__lecture-by-peter-drucker---business-policy-1974-10-cassette.mp4
5015	1974/5015__lecture-by-peter-drucker---business-policy-1974-10-cassette.mp4
5016	1974/5016__lecture-by-peter-drucker---business-policy-1974-10-cassette.mp4
5017	1974/5017__lecture-by-peter-drucker---business-policy-1974-10-cassette.mp4
5018	1974/5018__lecture-by-peter-drucker---business-policy-1974-10-cassette.mp4
5019	1974/5019__lecture-by-peter-drucker---business-policy-1974-10-cassette.mp4
5020	1974/5020__lecture-by-peter-drucker---business-policy-1974-11-cassette.mp4
5021	1974/5021__lecture-by-peter-drucker---business-policy-1974-11-cassette.mp4
5022	1974/5022__lecture-by-peter-drucker---business-policy-1974-11-cassette.mp4
5023	1974/5023__lecture-by-peter-drucker---business-policy-1974-11-cassette.mp4
5024	1974/5024__lecture-by-peter-drucker---business-policy-cassette-9-side-1.mp4
5025	1974/5025__lecture-by-peter-drucker---business-policy-cassette-9-side-2.mp4
5026	1974/5026__lecture-by-peter-drucker---business-policy-1974-11-19-casset.mp4
5027	1974/5027__lecture-by-peter-drucker---business-policy-1974-11-19-casset.mp4
5028	1974/5028__lecture-by-peter-drucker---business-policy-1974-11-19-casset.mp4
5029	1974/5029__lecture-by-peter-drucker---business-policy-1974-11-19-casset.mp4
5030	1975/5030__lecture-by-peter-drucker-cassette-12-side-1.mp4
5031	1975/5031__lecture-by-peter-drucker-cassette-12-side-2.mp4
5032	1975/5032__lecture-by-peter-drucker-cassette-13-side-3.mp4
5033	1975/5033__lecture-by-peter-drucker-cassette-13-side-4.mp4
5034	1975/5034__lecture-by-peter-drucker-cassette-14-side-3.mp4
5035	1975/5035__lecture-by-peter-drucker-cassette-14-side-4.mp4
5036	1975/5036__lecture-by-peter-drucker-cassette-15-side-1.mp4
5037	1975/5037__lecture-by-peter-drucker-cassette-15-side-2.mp4
5038	1975/5038__lecture-by-peter-drucker-cassette-16-side-3.mp4
5039	1975/5039__lecture-by-peter-drucker-cassette-16-side-4.mp4
5090	1978/5090__1978-course-lectures-tape-6---side-b-1978-02-28.mp4
5091	1978/5091__1978-course-lectures-tape-4---side-b-1978-02-14.mp4
5107	1978/5107__1978-course-lectures-tape-7---side-a-1978-02-28.mp4
5108	1978/5108__1978-course-lectures-tape-7---side-b-1978-02-28.mp4
5112	1978/5112__1978-course-lectures-tape-8---side-a-1978-03-07.mp4
5113	1978/5113__1978-course-lectures-tape-8---side-b-1978-03-07.mp4
5115	1978/5115__1978-course-lectures-tape-9---side-a-1978-03-14.mp4
5116	1978/5116__1978-course-lectures-tape-9---side-b-1978-03-14.mp4
5117	1978/5117__1978-course-lectures-tape-10---side-a-1978-03-14.mp4
5129	1981/5129__peter-drucker-symposium-what-do-we-know-about-productivity.mp4
