pointer,duration_s,n_windows,sim_best,sim_other,drucker_cluster,other_is_speaker,regions,drucker_s,drucker_frac
4945,2757.0445625,5423,0.6261,0.5381,0,False,3,2747.0,0.9964
5039,1682.0535,3361,0.6929,0.0763,0,True,9,1669.0,0.9922
5037,1106.2915,2209,0.7453,0.1213,0,True,6,1096.0,0.9907
5013,2398.574875,4512,0.6982,0.598,0,False,15,2376.0,0.9906
5004,3676.5315,7135,0.5952,0.1755,0,True,20,3638.5,0.9897
5026,2720.1248125,5190,0.655,0.5443,0,False,14,2690.5,0.9891
5003,3594.4954375,6817,0.5973,0.4631,0,False,23,3550.5,0.9878
5007,3053.6098125,6102,0.5504,0.0185,0,True,21,3008.0,0.9851
5036,2707.7485625,5412,0.7632,0.0501,0,True,14,2667.0,0.985
5108,3304.455,6586,0.7027,0.0558,0,True,25,3243.5,0.9816
5027,1812.50325,3361,0.6822,0.5938,0,False,14,1778.5,0.9812
5116,3594.449,7183,0.6562,0.1121,0,True,15,3523.5,0.9803
5006,3600.3004375,7195,0.6265,0.0317,0,True,32,3527.5,0.9798
5020,2716.386375,4860,0.6205,0.5371,0,False,30,2656.5,0.978
5000,3590.8034375,7174,0.6395,-0.0144,0,True,37,3506.0,0.9764
5019,2401.98825,4709,0.7265,0.1875,0,True,19,2344.0,0.9759
4999,3600.045,7185,0.5708,0.0108,0,True,49,3511.0,0.9753
5091,2931.240625,5772,0.6396,0.079,0,True,26,2858.0,0.975
5008,2676.9589375,5348,0.5358,0.1232,0,True,30,2607.0,0.9739
5001,3590.873125,7176,0.5828,0.0142,0,True,36,3496.0,0.9736
5117,2439.8599375,4873,0.4468,0.0321,0,True,22,2369.0,0.971
5113,3593.5434375,7181,0.7384,0.0343,0,True,43,3484.0,0.9695
5002,3591.1053125,7176,0.5658,0.0068,0,True,39,3481.0,0.9693
5024,2711.5334375,5420,0.6272,0.1046,0,True,37,2623.0,0.9673
3556,1603.3843125,3170,0.7314,0.0776,0,True,3,1549.5,0.9664
5014,1853.138125,3622,0.6153,0.0303,0,True,22,1790.5,0.9662
4943,2785.1639375,5474,0.7006,0.2586,0,True,6,2686.5,0.9646
5025,2708.213,5413,0.6013,0.0671,0,True,35,2609.5,0.9636
5107,3605.6178125,7203,0.5284,0.0908,0,True,53,3452.0,0.9574
5012,2694.4435625,4879,0.6559,0.5678,0,False,29,2579.0,0.9572
5038,2701.038,5399,0.7323,-0.0163,0,True,25,2572.0,0.9522
5112,3596.3298125,7187,0.7483,0.0218,0,True,58,3423.0,0.9518
5018,2701.5720625,5342,0.7312,0.0296,0,True,33,2571.0,0.9517
5035,1666.7748125,3329,0.6069,0.1014,0,True,36,1583.0,0.9497
5090,3605.6178125,7208,0.5855,0.0244,0,True,56,3424.0,0.9496
4940,1466.340125,2890,0.7124,0.099,0,True,4,1391.5,0.949
5015,2643.382875,5223,0.6472,-0.0063,0,True,36,2498.5,0.9452
4793,3218.5875625,6375,0.8189,0.2018,0,True,5,3037.0,0.9436
5115,3591.244625,7178,0.6395,0.0928,0,True,53,3386.5,0.943
5011,1959.7409375,3873,0.5921,0.1414,0,True,25,1835.5,0.9366
5021,2707.44675,4509,0.6503,0.5254,0,False,48,2529.0,0.9341
4796,2689.729875,5269,0.81,0.1723,0,True,9,2512.0,0.9339
5005,3601.97225,7199,0.6501,-0.0056,0,True,72,3357.0,0.932
5017,2286.724375,4568,0.7392,-0.0173,0,True,33,2124.0,0.9288
5016,2657.40775,5310,0.7296,0.0524,0,True,28,2453.5,0.9233
5009,2673.4526875,5343,0.5039,-0.0075,0,True,56,2467.5,0.923
4850,2374.7511875,4741,0.5391,0.0021,0,True,12,2189.5,0.922
4939,2795.1485,5551,0.5988,0.1626,0,True,5,2571.0,0.9198
4938,3388.9059375,6721,0.6678,0.078,0,True,27,3109.5,0.9176
5023,2429.202,3974,0.6446,0.4852,0,False,55,2224.5,0.9157
5029,2045.1671875,3978,0.6552,0.1698,0,True,27,1858.5,0.9087
5010,2760.481125,5259,0.6284,0.2918,0,True,53,2498.0,0.9049
3560,1779.9024375,3544,0.6744,0.1306,0,True,1,1605.0,0.9017
3561,1791.3034375,3549,0.5049,0.0082,0,True,7,1614.5,0.9013
5032,2692.377,5381,0.6233,0.104,0,True,77,2408.0,0.8944
3554,1801.9845625,3585,0.7235,0.1035,0,True,4,1607.5,0.8921
4849,2587.329875,5171,0.5499,0.0346,0,True,13,2297.0,0.8878
5028,2698.646375,4918,0.6627,0.1502,0,True,55,2367.5,0.8773
5022,2711.5334375,4030,0.6597,0.5454,0,False,91,2370.5,0.8742
5129,2686.455875,5356,0.8121,0.1695,0,True,3,2325.0,0.8655
4997,1026.113,1996,0.6924,0.1387,0,True,5,876.5,0.8542
5033,2382.367375,4761,0.548,0.0612,0,True,88,2000.0,0.8395
3555,1792.5340625,3573,0.6846,0.0162,0,True,3,1466.0,0.8178
4944,217.1065625,418,0.7045,0.0659,0,True,2,177.5,0.8176
3557,1457.4236875,2898,0.6874,0.0866,0,True,17,1119.0,0.7678
4795,2917.0300625,5745,0.8053,0.1168,0,True,22,2120.5,0.7269
4792,795.0745,1436,0.669,0.1849,0,True,11,429.0,0.5396
3552,1803.0759375,3594,0.6177,0.2192,0,True,5,831.0,0.4609
3559,1794.6703125,3523,0.742,0.2461,0,True,16,789.0,0.4396
3558,1786.0325,3509,0.6996,0.0297,0,True,9,762.5,0.4269
4942,1013.295625,2006,0.6716,0.0405,0,True,4,351.5,0.3469
4946,1360.3410625,2684,0.6738,0.1578,0,True,8,304.0,0.2235
4941,2788.9255625,5185,0.5293,0.1693,0,True,51,619.0,0.2219
3553,1790.0495625,3567,0.6617,0.0117,0,True,4,350.5,0.1958
4794,1492.648375,2967,0.1503,0.0879,0,True,0,0,0.0
4899,1862.6815625,3722,0.3475,0.3096,0,True,0,0,0.0
4900,1862.1706875,1392,0.3472,0.309,1,True,0,0,0.0
5030,2747.4546875,5489,0.5298,0.1029,0,True,0,0,0.0
5031,2756.5569375,5509,0.6809,0.0473,0,True,0,0,0.0
5034,2754.490375,4543,0.5444,0.4239,1,False,0,0,0.0
